{
    "reprojection_error": 1.4563764070894483,
    "camera_matrix": [
        [
            1384.6871809604825,
            0.0,
            965.4701454307187
        ],
        [
            0.0,
            1411.3527983873632,
            566.7591335847474
        ],
        [
            0.0,
            0.0,
            1.0
        ]
    ],
    "distortion_coefficients": [
        [
            -0.22036470182311668,
            2.2235795774762046,
            -0.008534803033098927,
            -0.010466480384635015,
            -5.418531645516373
        ]
    ],
    "rotation_vectors": [
        [
            [
                -0.5648129926072745
            ],
            [
                0.01734485021854212
            ],
            [
                -1.5294442867538403
            ]
        ],
        [
            [
                -1.0102637332305289
            ],
            [
                0.1371051312741697
            ],
            [
                -1.5000114359154817
            ]
        ],
        [
            [
                -0.05726806799272859
            ],
            [
                -0.3516967514468758
            ],
            [
                -1.3754936543176532
            ]
        ],
        [
            [
                -0.22306890066322121
            ],
            [
                -0.5214012751822928
            ],
            [
                -1.4265785398634132
            ]
        ],
        [
            [
                -0.7693354999669076
            ],
            [
                -0.4708252609615754
            ],
            [
                -1.572318771209833
            ]
        ],
        [
            [
                -0.5423246377043087
            ],
            [
                -0.7504077845756992
            ],
            [
                -1.6630003029534755
            ]
        ],
        [
            [
                -0.8137895269754151
            ],
            [
                -0.6193374589638776
            ],
            [
                -1.5444698737902904
            ]
        ]
    ],
    "translation_vectors": [
        [
            [
                -12.859790921113753
            ],
            [
                5.359063261105173
            ],
            [
                31.525524290880192
            ]
        ],
        [
            [
                2.4664452959188683
            ],
            [
                5.4680757270536295
            ],
            [
                25.476717621246653
            ]
        ],
        [
            [
                -14.003514098308335
            ],
            [
                4.281974924146822
            ],
            [
                29.782558892782788
            ]
        ],
        [
            [
                -7.294965440476412
            ],
            [
                4.544361777724335
            ],
            [
                28.525179727028927
            ]
        ],
        [
            [
                2.1748954399669667
            ],
            [
                2.3071406470888243
            ],
            [
                22.394632413261288
            ]
        ],
        [
            [
                2.5836771327079773
            ],
            [
                1.4698352709609894
            ],
            [
                22.40058527498304
            ]
        ],
        [
            [
                -3.838023741392059
            ],
            [
                5.094984024395998
            ],
            [
                26.407015556777562
            ]
        ]
    ],
    "points": [
        [
            0.0,
            0.0,
            0.0
        ],
        [
            1.0,
            0.0,
            0.0
        ],
        [
            2.0,
            0.0,
            0.0
        ],
        [
            3.0,
            0.0,
            0.0
        ],
        [
            4.0,
            0.0,
            0.0
        ],
        [
            5.0,
            0.0,
            0.0
        ],
        [
            0.0,
            1.0,
            0.0
        ],
        [
            1.0,
            1.0,
            0.0
        ],
        [
            2.0,
            1.0,
            0.0
        ],
        [
            3.0,
            1.0,
            0.0
        ],
        [
            4.0,
            1.0,
            0.0
        ],
        [
            5.0,
            1.0,
            0.0
        ],
        [
            0.0,
            2.0,
            0.0
        ],
        [
            1.0,
            2.0,
            0.0
        ],
        [
            2.0,
            2.0,
            0.0
        ],
        [
            3.0,
            2.0,
            0.0
        ],
        [
            4.0,
            2.0,
            0.0
        ],
        [
            5.0,
            2.0,
            0.0
        ],
        [
            0.0,
            3.0,
            0.0
        ],
        [
            1.0,
            3.0,
            0.0
        ],
        [
            2.0,
            3.0,
            0.0
        ],
        [
            3.0,
            3.0,
            0.0
        ],
        [
            4.0,
            3.0,
            0.0
        ],
        [
            5.0,
            3.0,
            0.0
        ],
        [
            0.0,
            4.0,
            0.0
        ],
        [
            1.0,
            4.0,
            0.0
        ],
        [
            2.0,
            4.0,
            0.0
        ],
        [
            3.0,
            4.0,
            0.0
        ],
        [
            4.0,
            4.0,
            0.0
        ],
        [
            5.0,
            4.0,
            0.0
        ],
        [
            0.0,
            5.0,
            0.0
        ],
        [
            1.0,
            5.0,
            0.0
        ],
        [
            2.0,
            5.0,
            0.0
        ],
        [
            3.0,
            5.0,
            0.0
        ],
        [
            4.0,
            5.0,
            0.0
        ],
        [
            5.0,
            5.0,
            0.0
        ],
        [
            0.0,
            6.0,
            0.0
        ],
        [
            1.0,
            6.0,
            0.0
        ],
        [
            2.0,
            6.0,
            0.0
        ],
        [
            3.0,
            6.0,
            0.0
        ],
        [
            4.0,
            6.0,
            0.0
        ],
        [
            5.0,
            6.0,
            0.0
        ],
        [
            0.0,
            7.0,
            0.0
        ],
        [
            1.0,
            7.0,
            0.0
        ],
        [
            2.0,
            7.0,
            0.0
        ],
        [
            3.0,
            7.0,
            0.0
        ],
        [
            4.0,
            7.0,
            0.0
        ],
        [
            5.0,
            7.0,
            0.0
        ],
        [
            0.0,
            8.0,
            0.0
        ],
        [
            1.0,
            8.0,
            0.0
        ],
        [
            2.0,
            8.0,
            0.0
        ],
        [
            3.0,
            8.0,
            0.0
        ],
        [
            4.0,
            8.0,
            0.0
        ],
        [
            5.0,
            8.0,
            0.0
        ]
    ]
}